{"feature": "topic_2", "threshold": 0.5, "samples": 1095, "class_prob": [0.4410958904109589, 0.5589041095890411], "entropy": 0.9899652914551735, "left": {"feature": "Seat Comfort", "threshold": 0.5, "samples": 389, "class_prob": [0.6709511568123393, 0.32904884318766064], "entropy": 0.9139516272047483, "left": {"feature": "topic_7", "threshold": 0.5, "samples": 212, "class_prob": [0.7877358490566038, 0.21226415094339623], "entropy": 0.7457883496614428, "left": {"feature": "Food & Beverages", "threshold": 0.5, "samples": 64, "class_prob": [0.65625, 0.34375], "entropy": 0.9283620721063286, "left": {"feature": "Inflight Entertainment", "threshold": -2.0, "samples": 32, "class_prob": [0.75, 0.25], "entropy": 0.8112781241705938}, "right": {"feature": "Inflight Entertainment", "threshold": -2.0, "samples": 32, "class_prob": [0.5625, 0.4375], "entropy": 0.9886994079999585}}, "right": {"feature": "Inflight Entertainment", "threshold": 0.5, "samples": 148, "class_prob": [0.8445945945945946, 0.1554054054054054], "entropy": 0.6232036317453284, "left": {"feature": "Inflight Entertainment", "threshold": -2.0, "samples": 51, "class_prob": [0.7647058823529411, 0.23529411764705882], "entropy": 0.7871265859127299}, "right": {"feature": "Inflight Entertainment", "threshold": -2.0, "samples": 97, "class_prob": [0.8865979381443299, 0.1134020618556701], "entropy": 0.510093082007963}}}, "right": {"feature": "Rating Value", "threshold": 0.5, "samples": 177, "class_prob": [0.5310734463276836, 0.4689265536723164], "entropy": 0.9972121890063643, "left": {"feature": "PERSON", "threshold": 0.5, "samples": 50, "class_prob": [0.7, 0.3], "entropy": 0.8812908989421536, "left": {"feature": "Inflight Entertainment", "threshold": -2.0, "samples": 21, "class_prob": [0.8571428571428571, 0.14285714285714285], "entropy": 0.5916727782937884}, "right": {"feature": "Inflight Entertainment", "threshold": -2.0, "samples": 29, "class_prob": [0.5862068965517241, 0.41379310344827586], "entropy": 0.9784493289800797}}, "right": {"feature": "topic_7", "threshold": 0.5, "samples": 127, "class_prob": [0.4645669291338583, 0.5354330708661418], "entropy": 0.996374346976763, "left": {"feature": "Inflight Entertainment", "threshold": -2.0, "samples": 44, "class_prob": [0.3181818181818182, 0.6818181818181818], "entropy": 0.9023932825064398}, "right": {"feature": "Inflight Entertainment", "threshold": -2.0, "samples": 83, "class_prob": [0.5421686746987951, 0.4578313253012048], "entropy": 0.9948631076163181}}}}, "right": {"feature": "Seat Comfort", "threshold": 0.5, "samples": 706, "class_prob": [0.31444759206798867, 0.6855524079320113], "entropy": 0.8982409039024326, "left": {"feature": "Staff Service", "threshold": 0.5, "samples": 243, "class_prob": [0.49382716049382713, 0.5061728395061729], "entropy": 0.9998900521660126, "left": {"feature": "topic_5", "threshold": 0.5, "samples": 75, "class_prob": [0.3333333333333333, 0.6666666666666666], "entropy": 0.9182958337659504, "left": {"feature": "Inflight Entertainment", "threshold": -2.0, "samples": 46, "class_prob": [0.1956521739130435, 0.8043478260869565], "entropy": 0.7131467483499532}, "right": {"feature": "Inflight Entertainment", "threshold": -2.0, "samples": 29, "class_prob": [0.5517241379310345, 0.4482758620689655], "entropy": 0.9922666384309573}}, "right": {"feature": "topic_0", "threshold": 0.5, "samples": 168, "class_prob": [0.5654761904761905, 0.43452380952380953], "entropy": 0.987594353504023, "left": {"feature": "Inflight Entertainment", "threshold": -2.0, "samples": 71, "class_prob": [0.4647887323943662, 0.5352112676056338], "entropy": 0.9964196340093091}, "right": {"feature": "Inflight Entertainment", "threshold": -2.0, "samples": 97, "class_prob": [0.6391752577319587, 0.36082474226804123], "entropy": 0.9433656580113712}}}, "right": {"feature": "Rating Value", "threshold": 0.5, "samples": 463, "class_prob": [0.2203023758099352, 0.7796976241900648], "entropy": 0.7607192477938112, "left": {"feature": "topic_0", "threshold": 0.5, "samples": 105, "class_prob": [0.4380952380952381, 0.5619047619047619], "entropy": 0.9889141850826195, "left": {"feature": "Inflight Entertainment", "threshold": -2.0, "samples": 77, "class_prob": [0.35064935064935066, 0.6493506493506493], "entropy": 0.9346466436901302}, "right": {"feature": "Inflight Entertainment", "threshold": -2.0, "samples": 28, "class_prob": [0.6785714285714286, 0.32142857142857145], "entropy": 0.9059282157544601}}, "right": {"feature": "topic_7", "threshold": 0.5, "samples": 358, "class_prob": [0.1564245810055866, 0.8435754189944135], "entropy": 0.625686986720411, "left": {"feature": "Inflight Entertainment", "threshold": -2.0, "samples": 118, "class_prob": [0.06779661016949153, 0.9322033898305084], "entropy": 0.3576467059570942}, "right": {"feature": "Inflight Entertainment", "threshold": -2.0, "samples": 240, "class_prob": [0.2, 0.8], "entropy": 0.7219280945988233}}}}}