{"feature": "topic_6", "threshold": 0.5, "samples": 1095, "class_prob": [0.9735159817351599, 0.026484018264840183], "entropy": 0.17644061052878113, "left": {"feature": "Food & Beverages", "threshold": 0.5, "samples": 357, "class_prob": [0.988795518207283, 0.011204481792717087], "entropy": 0.08867633162648039, "left": {"feature": "Food & Beverages", "threshold": -2.0, "samples": 160, "class_prob": [1.0, 0.0], "entropy": -1.4426951601859516e-10}, "right": {"feature": "Seat Comfort", "threshold": 0.5, "samples": 197, "class_prob": [0.9796954314720813, 0.02030456852791878], "entropy": 0.14314720905240813, "left": {"feature": "Staff Service", "threshold": 0.5, "samples": 60, "class_prob": [0.95, 0.05], "entropy": 0.28639695682741717, "left": {"feature": "Food & Beverages", "threshold": -2.0, "samples": 27, "class_prob": [0.9259259259259259, 0.07407407407407407], "entropy": 0.3809465854168511}, "right": {"feature": "Food & Beverages", "threshold": -2.0, "samples": 33, "class_prob": [0.9696969696969697, 0.030303030303030304], "entropy": 0.1959092705850659}}, "right": {"feature": "TIME", "threshold": 0.5, "samples": 137, "class_prob": [0.9927007299270073, 0.0072992700729927005], "entropy": 0.0623025468322347, "left": {"feature": "Food & Beverages", "threshold": -2.0, "samples": 62, "class_prob": [0.9838709677419355, 0.016129032258064516], "entropy": 0.11911602636710934}, "right": {"feature": "Food & Beverages", "threshold": -2.0, "samples": 75, "class_prob": [1.0, 0.0], "entropy": -1.4426951601859516e-10}}}}, "right": {"feature": "Inflight Entertainment", "threshold": 0.5, "samples": 738, "class_prob": [0.9661246612466124, 0.03387533875338753], "entropy": 0.21346880967584037, "left": {"feature": "Staff Service", "threshold": 0.5, "samples": 344, "class_prob": [0.9825581395348837, 0.01744186046511628], "entropy": 0.12682572979813675, "left": {"feature": "Value For Money", "threshold": 0.5, "samples": 136, "class_prob": [0.9632352941176471, 0.03676470588235294], "entropy": 0.2272565639335445, "left": {"feature": "Food & Beverages", "threshold": -2.0, "samples": 80, "class_prob": [0.9375, 0.0625], "entropy": 0.3372900663284749}, "right": {"feature": "Food & Beverages", "threshold": -2.0, "samples": 56, "class_prob": [1.0, 0.0], "entropy": -1.4426951601859516e-10}}, "right": {"feature": "Seat Comfort", "threshold": 0.5, "samples": 208, "class_prob": [0.9951923076923077, 0.004807692307692308], "entropy": 0.04394067841812849, "left": {"feature": "Food & Beverages", "threshold": -2.0, "samples": 46, "class_prob": [0.9782608695652174, 0.021739130434782608], "entropy": 0.15109697022857466}, "right": {"feature": "Food & Beverages", "threshold": -2.0, "samples": 162, "class_prob": [1.0, 0.0], "entropy": -1.4426951601859516e-10}}}, "right": {"feature": "topic_7", "threshold": 0.5, "samples": 394, "class_prob": [0.9517766497461929, 0.048223350253807105], "entropy": 0.2788013946141714, "left": {"feature": "TIME", "threshold": 0.5, "samples": 214, "class_prob": [0.9392523364485982, 0.06074766355140187], "entropy": 0.3304057418939217, "left": {"feature": "Food & Beverages", "threshold": -2.0, "samples": 61, "class_prob": [0.9836065573770492, 0.01639344262295082], "entropy": 0.1206810137249848}, "right": {"feature": "Food & Beverages", "threshold": -2.0, "samples": 153, "class_prob": [0.9215686274509803, 0.0784313725490196], "entropy": 0.3966277724898399}}, "right": {"feature": "topic_5", "threshold": 0.5, "samples": 180, "class_prob": [0.9666666666666667, 0.03333333333333333], "entropy": 0.2108423000299931, "left": {"feature": "Food & Beverages", "threshold": -2.0, "samples": 156, "class_prob": [0.9743589743589743, 0.02564102564102564], "entropy": 0.17203694906457476}, "right": {"feature": "Food & Beverages", "threshold": -2.0, "samples": 24, "class_prob": [0.9166666666666666, 0.08333333333333333], "entropy": 0.4138168500150947}}}}}