{"feature": "topic_7", "threshold": 0.5, "samples": 1095, "class_prob": [0.5853881278538813, 0.4146118721461187], "entropy": 0.9788587673390942, "left": {"feature": "Staff Service", "threshold": 0.5, "samples": 389, "class_prob": [0.35732647814910024, 0.6426735218508998], "entropy": 0.9404415625020507, "left": {"feature": "Rating Value", "threshold": 0.5, "samples": 212, "class_prob": [0.24528301886792453, 0.7547169811320755], "entropy": 0.8037159234948734, "left": {"feature": "topic_5", "threshold": 0.5, "samples": 55, "class_prob": [0.36363636363636365, 0.6363636363636364], "entropy": 0.945660304312101, "left": {"feature": "Inflight Entertainment", "threshold": -2.0, "samples": 24, "class_prob": [0.5833333333333334, 0.4166666666666667], "entropy": 0.9798687563626138}, "right": {"feature": "Inflight Entertainment", "threshold": -2.0, "samples": 31, "class_prob": [0.1935483870967742, 0.8064516129032258], "entropy": 0.7088356730436571}}, "right": {"feature": "topic_1", "threshold": 0.5, "samples": 157, "class_prob": [0.20382165605095542, 0.7961783439490446], "entropy": 0.7295058722797703, "left": {"feature": "Inflight Entertainment", "threshold": -2.0, "samples": 132, "class_prob": [0.17424242424242425, 0.8257575757575758], "entropy": 0.6673182373275184}, "right": {"feature": "Inflight Entertainment", "threshold": -2.0, "samples": 25, "class_prob": [0.36, 0.64], "entropy": 0.9426831889669532}}}, "right": {"feature": "Seat Comfort", "threshold": 0.5, "samples": 177, "class_prob": [0.4915254237288136, 0.5084745762711864], "entropy": 0.9997927655655878, "left": {"feature": "Rating Value", "threshold": 0.5, "samples": 50, "class_prob": [0.34, 0.66], "entropy": 0.924818704684491, "left": {"feature": "Inflight Entertainment", "threshold": -2.0, "samples": 21, "class_prob": [0.19047619047619047, 0.8095238095238095], "entropy": 0.7024665510018513}, "right": {"feature": "Inflight Entertainment", "threshold": -2.0, "samples": 29, "class_prob": [0.4482758620689655, 0.5517241379310345], "entropy": 0.9922666384309573}}, "right": {"feature": "DATE", "threshold": 0.5, "samples": 127, "class_prob": [0.5511811023622047, 0.44881889763779526], "entropy": 0.9924284503140368, "left": {"feature": "Inflight Entertainment", "threshold": -2.0, "samples": 71, "class_prob": [0.4647887323943662, 0.5352112676056338], "entropy": 0.9964196340093091}, "right": {"feature": "Inflight Entertainment", "threshold": -2.0, "samples": 56, "class_prob": [0.6607142857142857, 0.3392857142857143], "entropy": 0.9241335417030068}}}}, "right": {"feature": "Staff Service", "threshold": 0.5, "samples": 706, "class_prob": [0.7110481586402266, 0.28895184135977336], "entropy": 0.8673634185272976, "left": {"feature": "Value For Money", "threshold": 0.5, "samples": 243, "class_prob": [0.5473251028806584, 0.45267489711934156], "entropy": 0.993528007805428, "left": {"feature": "topic_5", "threshold": 0.5, "samples": 75, "class_prob": [0.6933333333333334, 0.30666666666666664], "entropy": 0.8892881524387006, "left": {"feature": "Inflight Entertainment", "threshold": -2.0, "samples": 46, "class_prob": [0.8043478260869565, 0.1956521739130435], "entropy": 0.7131467483499532}, "right": {"feature": "Inflight Entertainment", "threshold": -2.0, "samples": 29, "class_prob": [0.5172413793103449, 0.4827586206896552], "entropy": 0.9991421037033696}}, "right": {"feature": "DATE", "threshold": 0.5, "samples": 168, "class_prob": [0.48214285714285715, 0.5178571428571429], "entropy": 0.999079717892043, "left": {"feature": "Inflight Entertainment", "threshold": -2.0, "samples": 71, "class_prob": [0.5915492957746479, 0.4084507042253521], "entropy": 0.9756797866047695}, "right": {"feature": "Inflight Entertainment", "threshold": -2.0, "samples": 97, "class_prob": [0.4020618556701031, 0.5979381443298969], "entropy": 0.9721439320735694}}}, "right": {"feature": "Seat Comfort", "threshold": 0.5, "samples": 463, "class_prob": [0.796976241900648, 0.20302375809935205], "entropy": 0.7279345443237837, "left": {"feature": "DATE", "threshold": 0.5, "samples": 105, "class_prob": [0.5714285714285714, 0.42857142857142855], "entropy": 0.9852281357457124, "left": {"feature": "Inflight Entertainment", "threshold": -2.0, "samples": 77, "class_prob": [0.6623376623376623, 0.33766233766233766], "entropy": 0.9225641363516264}, "right": {"feature": "Inflight Entertainment", "threshold": -2.0, "samples": 28, "class_prob": [0.32142857142857145, 0.6785714285714286], "entropy": 0.9059282157544601}}, "right": {"feature": "topic_8", "threshold": 0.5, "samples": 358, "class_prob": [0.8631284916201117, 0.13687150837988826], "entropy": 0.5759865647296365, "left": {"feature": "Inflight Entertainment", "threshold": -2.0, "samples": 118, "class_prob": [0.940677966101695, 0.059322033898305086], "entropy": 0.32474774721512434}, "right": {"feature": "Inflight Entertainment", "threshold": -2.0, "samples": 240, "class_prob": [0.825, 0.175], "entropy": 0.6690158347680185}}}}}