{"feature": "topic_5", "threshold": 0.5, "samples": 988, "class_prob": [0.4068825910931174, 0.5931174089068826], "entropy": 0.9748345424850389, "left": {"feature": "topic_8", "threshold": 0.5, "samples": 374, "class_prob": [0.5775401069518716, 0.42245989304812837], "entropy": 0.9825814684779975, "left": {"feature": "topic_4", "threshold": 0.5, "samples": 181, "class_prob": [0.46408839779005523, 0.5359116022099447], "entropy": 0.9962756701893225, "left": {"feature": "topic_3", "threshold": 0.5, "samples": 67, "class_prob": [0.26865671641791045, 0.7313432835820896], "entropy": 0.8395304978168927, "left": {"feature": "Inflight Entertainment", "threshold": -2.0, "samples": 32, "class_prob": [0.15625, 0.84375], "entropy": 0.625262404934884}, "right": {"feature": "Inflight Entertainment", "threshold": -2.0, "samples": 35, "class_prob": [0.37142857142857144, 0.6285714285714286], "entropy": 0.951762675346292}}, "right": {"feature": "Food & Beverages", "threshold": 0.5, "samples": 114, "class_prob": [0.5789473684210527, 0.42105263157894735], "entropy": 0.9819407865755586, "left": {"feature": "Inflight Entertainment", "threshold": -2.0, "samples": 38, "class_prob": [0.7894736842105263, 0.21052631578947367], "entropy": 0.7424875692535844}, "right": {"feature": "Inflight Entertainment", "threshold": -2.0, "samples": 76, "class_prob": [0.47368421052631576, 0.5263157894736842], "entropy": 0.9980008835837606}}}, "right": {"feature": "Food & Beverages", "threshold": 0.5, "samples": 193, "class_prob": [0.6839378238341969, 0.3160621761658031], "entropy": 0.9000477035771999, "left": {"feature": "topic_9", "threshold": 0.5, "samples": 75, "class_prob": [0.7733333333333333, 0.22666666666666666], "entropy": 0.7721551432919425, "left": {"feature": "Inflight Entertainment", "threshold": -2.0, "samples": 55, "class_prob": [0.8363636363636363, 0.16363636363636364], "entropy": 0.6429383497524224}, "right": {"feature": "Inflight Entertainment", "threshold": -2.0, "samples": 20, "class_prob": [0.6, 0.4], "entropy": 0.9709505941661296}}, "right": {"feature": "topic_6", "threshold": 0.5, "samples": 118, "class_prob": [0.6271186440677966, 0.3728813559322034], "entropy": 0.9528588094412398, "left": {"feature": "Inflight Entertainment", "threshold": -2.0, "samples": 56, "class_prob": [0.48214285714285715, 0.5178571428571429], "entropy": 0.999079717892043}, "right": {"feature": "Inflight Entertainment", "threshold": -2.0, "samples": 62, "class_prob": [0.7580645161290323, 0.24193548387096775], "entropy": 0.7982441332761308}}}}, "right": {"feature": "Inflight Entertainment", "threshold": 0.5, "samples": 614, "class_prob": [0.30293159609120524, 0.6970684039087948], "entropy": 0.8848449932155414, "left": {"feature": "topic_3", "threshold": 0.5, "samples": 201, "class_prob": [0.46766169154228854, 0.5323383084577115], "entropy": 0.9969804490863069, "left": {"feature": "Rating Value", "threshold": 0.5, "samples": 74, "class_prob": [0.32432432432432434, 0.6756756756756757], "entropy": 0.9090221557992759, "left": {"feature": "Inflight Entertainment", "threshold": -2.0, "samples": 25, "class_prob": [0.12, 0.88], "entropy": 0.5293608649988253}, "right": {"feature": "Inflight Entertainment", "threshold": -2.0, "samples": 49, "class_prob": [0.42857142857142855, 0.5714285714285714], "entropy": 0.9852281357457124}}, "right": {"feature": "Food & Beverages", "threshold": 0.5, "samples": 127, "class_prob": [0.5511811023622047, 0.44881889763779526], "entropy": 0.9924284503140368, "left": {"feature": "Inflight Entertainment", "threshold": -2.0, "samples": 40, "class_prob": [0.675, 0.325], "entropy": 0.909736122242627}, "right": {"feature": "Inflight Entertainment", "threshold": -2.0, "samples": 87, "class_prob": [0.4942528735632184, 0.5057471264367817], "entropy": 0.9999046947299446}}}, "right": {"feature": "Food & Beverages", "threshold": 0.5, "samples": 413, "class_prob": [0.22276029055690072, 0.7772397094430993], "entropy": 0.7651757790643094, "left": {"feature": "Rating Value", "threshold": 0.5, "samples": 93, "class_prob": [0.3978494623655914, 0.6021505376344086], "entropy": 0.9696787015345787, "left": {"feature": "Inflight Entertainment", "threshold": -2.0, "samples": 20, "class_prob": [0.2, 0.8], "entropy": 0.7219280945988233}, "right": {"feature": "Inflight Entertainment", "threshold": -2.0, "samples": 73, "class_prob": [0.4520547945205479, 0.547945205479452], "entropy": 0.9933570279843076}}, "right": {"feature": "Rating Value", "threshold": 0.5, "samples": 320, "class_prob": [0.171875, 0.828125], "entropy": 0.6619760638230261, "left": {"feature": "Inflight Entertainment", "threshold": -2.0, "samples": 105, "class_prob": [0.0761904761904762, 0.9238095238095239], "entropy": 0.3886117488809037}, "right": {"feature": "Inflight Entertainment", "threshold": -2.0, "samples": 215, "class_prob": [0.2186046511627907, 0.7813953488372093], "entropy": 0.7576114397396158}}}}}