{"feature": "topic_7", "threshold": 0.5, "samples": 988, "class_prob": [0.6082995951417004, 0.3917004048582996], "entropy": 0.9658881166855017, "left": {"feature": "Inflight Entertainment", "threshold": 0.5, "samples": 374, "class_prob": [0.4358288770053476, 0.5641711229946524], "entropy": 0.988085320676954, "left": {"feature": "Rating Value", "threshold": 0.5, "samples": 174, "class_prob": [0.3160919540229885, 0.6839080459770115], "entropy": 0.9000808629308701, "left": {"feature": "topic_4", "threshold": 0.5, "samples": 70, "class_prob": [0.42857142857142855, 0.5714285714285714], "entropy": 0.9852281357457124, "left": {"feature": "Inflight Entertainment", "threshold": -2.0, "samples": 27, "class_prob": [0.5925925925925926, 0.4074074074074074], "entropy": 0.975119064652327}, "right": {"feature": "Inflight Entertainment", "threshold": -2.0, "samples": 43, "class_prob": [0.32558139534883723, 0.6744186046511628], "entropy": 0.9103480621459764}}, "right": {"feature": "TIME", "threshold": 0.5, "samples": 104, "class_prob": [0.2403846153846154, 0.7596153846153846], "entropy": 0.7956792962144834, "left": {"feature": "Inflight Entertainment", "threshold": -2.0, "samples": 53, "class_prob": [0.32075471698113206, 0.6792452830188679], "entropy": 0.9052002966675089}, "right": {"feature": "Inflight Entertainment", "threshold": -2.0, "samples": 51, "class_prob": [0.1568627450980392, 0.8431372549019608], "entropy": 0.6267511367380505}}}, "right": {"feature": "topic_6", "threshold": 0.5, "samples": 200, "class_prob": [0.54, 0.46], "entropy": 0.9953784385316867, "left": {"feature": "topic_4", "threshold": 0.5, "samples": 101, "class_prob": [0.6732673267326733, 0.32673267326732675], "entropy": 0.911553273118186, "left": {"feature": "Inflight Entertainment", "threshold": -2.0, "samples": 41, "class_prob": [0.8292682926829268, 0.17073170731707318], "entropy": 0.6593758809901602}, "right": {"feature": "Inflight Entertainment", "threshold": -2.0, "samples": 60, "class_prob": [0.5666666666666667, 0.43333333333333335], "entropy": 0.9871377740836472}}, "right": {"feature": "topic_8", "threshold": 0.5, "samples": 99, "class_prob": [0.40404040404040403, 0.5959595959595959], "entropy": 0.9732650671865946, "left": {"feature": "Inflight Entertainment", "threshold": -2.0, "samples": 64, "class_prob": [0.34375, 0.65625], "entropy": 0.9283620721063286}, "right": {"feature": "Inflight Entertainment", "threshold": -2.0, "samples": 35, "class_prob": [0.5142857142857142, 0.4857142857142857], "entropy": 0.9994110644502162}}}}, "right": {"feature": "Inflight Entertainment", "threshold": 0.5, "samples": 614, "class_prob": [0.7133550488599348, 0.28664495114006516], "entropy": 0.864347781587376, "left": {"feature": "topic_3", "threshold": 0.5, "samples": 201, "class_prob": [0.5472636815920398, 0.4527363184079602], "entropy": 0.9935448215083303, "left": {"feature": "Rating Value", "threshold": 0.5, "samples": 74, "class_prob": [0.6891891891891891, 0.3108108108108108], "entropy": 0.8941071838558491, "left": {"feature": "Inflight Entertainment", "threshold": -2.0, "samples": 25, "class_prob": [0.88, 0.12], "entropy": 0.5293608649988253}, "right": {"feature": "Inflight Entertainment", "threshold": -2.0, "samples": 49, "class_prob": [0.5918367346938775, 0.40816326530612246], "entropy": 0.9755259508379582}}, "right": {"feature": "topic_6", "threshold": 0.5, "samples": 127, "class_prob": [0.4645669291338583, 0.5354330708661418], "entropy": 0.996374346976763, "left": {"feature": "Inflight Entertainment", "threshold": -2.0, "samples": 62, "class_prob": [0.5645161290322581, 0.43548387096774194], "entropy": 0.9879565012033769}, "right": {"feature": "Inflight Entertainment", "threshold": -2.0, "samples": 65, "class_prob": [0.36923076923076925, 0.6307692307692307], "entropy": 0.9500796249453127}}}, "right": {"feature": "Rating Value", "threshold": 0.5, "samples": 413, "class_prob": [0.7941888619854721, 0.20581113801452786], "entropy": 0.7333992130523685, "left": {"feature": "Seat Comfort", "threshold": 0.5, "samples": 125, "class_prob": [0.92, 0.08], "entropy": 0.4021791899137338, "left": {"feature": "Inflight Entertainment", "threshold": -2.0, "samples": 44, "class_prob": [1.0, 0.0], "entropy": -1.4426951601859516e-10}, "right": {"feature": "Inflight Entertainment", "threshold": -2.0, "samples": 81, "class_prob": [0.8765432098765432, 0.12345679012345678], "entropy": 0.5392163429207023}}, "right": {"feature": "Food & Beverages", "threshold": 0.5, "samples": 288, "class_prob": [0.7395833333333334, 0.2604166666666667], "entropy": 0.8273744772117781, "left": {"feature": "Inflight Entertainment", "threshold": -2.0, "samples": 73, "class_prob": [0.589041095890411, 0.410958904109589], "entropy": 0.9770012391333172}, "right": {"feature": "Inflight Entertainment", "threshold": -2.0, "samples": 215, "class_prob": [0.7906976744186046, 0.20930232558139536], "entropy": 0.7401470424253649}}}}}