{"feature": "Food & Beverages", "threshold": 0.5, "samples": 988, "class_prob": [0.9848178137651822, 0.015182186234817813], "entropy": 0.11345897030813326, "left": {"feature": "topic_5", "threshold": 0.5, "samples": 272, "class_prob": [0.9705882352941176, 0.029411764705882353], "entropy": 0.19143325452565443, "left": {"feature": "TIME", "threshold": 0.5, "samples": 125, "class_prob": [0.984, 0.016], "entropy": 0.118350011119736, "left": {"feature": "Inflight Entertainment", "threshold": -2.0, "samples": 50, "class_prob": [1.0, 0.0], "entropy": -1.4426951601859516e-10}, "right": {"feature": "Value For Money", "threshold": 0.5, "samples": 75, "class_prob": [0.9733333333333334, 0.02666666666666667], "entropy": 0.17738945289745836, "left": {"feature": "Inflight Entertainment", "threshold": -2.0, "samples": 51, "class_prob": [0.9607843137254902, 0.0392156862745098], "entropy": 0.23868451106246236}, "right": {"feature": "Inflight Entertainment", "threshold": -2.0, "samples": 24, "class_prob": [1.0, 0.0], "entropy": -1.4426951601859516e-10}}}, "right": {"feature": "topic_0", "threshold": 0.5, "samples": 147, "class_prob": [0.9591836734693877, 0.04081632653061224], "entropy": 0.24602257793179258, "left": {"feature": "TIME", "threshold": 0.5, "samples": 87, "class_prob": [0.9425287356321839, 0.05747126436781609], "entropy": 0.3173238995473195, "left": {"feature": "Inflight Entertainment", "threshold": -2.0, "samples": 34, "class_prob": [0.9117647058823529, 0.08823529411764706], "entropy": 0.4305518667219004}, "right": {"feature": "Inflight Entertainment", "threshold": -2.0, "samples": 53, "class_prob": [0.9622641509433962, 0.03773584905660377], "entropy": 0.23181304973605119}}, "right": {"feature": "MONEY", "threshold": 0.5, "samples": 60, "class_prob": [0.9833333333333333, 0.016666666666666666], "entropy": 0.12229159678083568, "left": {"feature": "Inflight Entertainment", "threshold": -2.0, "samples": 26, "class_prob": [0.9615384615384616, 0.038461538461538464], "entropy": 0.23519338153070246}, "right": {"feature": "Inflight Entertainment", "threshold": -2.0, "samples": 34, "class_prob": [1.0, 0.0], "entropy": -1.4426951601859516e-10}}}}, "right": {"feature": "Inflight Entertainment", "threshold": 0.5, "samples": 716, "class_prob": [0.9902234636871509, 0.009776536312849162], "entropy": 0.0793080494935663, "left": {"feature": "topic_9", "threshold": 0.5, "samples": 256, "class_prob": [0.99609375, 0.00390625], "entropy": 0.036874505965332954, "left": {"feature": "Inflight Entertainment", "threshold": -2.0, "samples": 145, "class_prob": [1.0, 0.0], "entropy": -1.4426951601859516e-10}, "right": {"feature": "TIME", "threshold": 0.5, "samples": 111, "class_prob": [0.990990990990991, 0.009009009009009009], "entropy": 0.07414948328938178, "left": {"feature": "Inflight Entertainment", "threshold": -2.0, "samples": 44, "class_prob": [0.9772727272727273, 0.022727272727272728], "entropy": 0.1564910626171625}, "right": {"feature": "Inflight Entertainment", "threshold": -2.0, "samples": 67, "class_prob": [1.0, 0.0], "entropy": -1.4426951601859516e-10}}}, "right": {"feature": "Staff Service", "threshold": 0.5, "samples": 460, "class_prob": [0.9869565217391304, 0.013043478260869565], "entropy": 0.10035355449409203, "left": {"feature": "topic_9", "threshold": 0.5, "samples": 162, "class_prob": [0.9753086419753086, 0.024691358024691357], "entropy": 0.16702680375668902, "left": {"feature": "Inflight Entertainment", "threshold": -2.0, "samples": 88, "class_prob": [0.9545454545454546, 0.045454545454545456], "entropy": 0.26676498751448696}, "right": {"feature": "Inflight Entertainment", "threshold": -2.0, "samples": 74, "class_prob": [1.0, 0.0], "entropy": -1.4426951601859516e-10}}, "right": {"feature": "topic_5", "threshold": 0.5, "samples": 298, "class_prob": [0.9932885906040269, 0.006711409395973154], "entropy": 0.05810074760258517, "left": {"feature": "Inflight Entertainment", "threshold": -2.0, "samples": 90, "class_prob": [0.9777777777777777, 0.022222222222222223], "entropy": 0.15374218004022286}, "right": {"feature": "Inflight Entertainment", "threshold": -2.0, "samples": 208, "class_prob": [1.0, 0.0], "entropy": -1.4426951601859516e-10}}}}}