{"feature": "Seat Comfort", "threshold": 0.5, "samples": 1634, "class_prob": [0.97796817625459, 0.022031823745410038], "entropy": 0.15270150570853355, "left": {"feature": "Rating Value", "threshold": 0.5, "samples": 670, "class_prob": [0.9686567164179104, 0.03134328358208955], "entropy": 0.201084262056902, "left": {"feature": "Inflight Entertainment", "threshold": 0.5, "samples": 136, "class_prob": [0.9485294117647058, 0.051470588235294115], "entropy": 0.2926113674029548, "left": {"feature": "topic_3", "threshold": 0.5, "samples": 70, "class_prob": [0.9714285714285714, 0.02857142857142857], "entropy": 0.18717625658466913, "left": {"feature": "Inflight Entertainment", "threshold": -2.0, "samples": 43, "class_prob": [1.0, 0.0], "entropy": -1.4426951601859516e-10}, "right": {"feature": "Inflight Entertainment", "threshold": -2.0, "samples": 27, "class_prob": [0.9259259259259259, 0.07407407407407407], "entropy": 0.3809465854168511}}, "right": {"feature": "MONEY", "threshold": 0.5, "samples": 66, "class_prob": [0.9242424242424242, 0.07575757575757576], "entropy": 0.3870514211036588, "left": {"feature": "Inflight Entertainment", "threshold": -2.0, "samples": 21, "class_prob": [1.0, 0.0], "entropy": -1.4426951601859516e-10}, "right": {"feature": "Inflight Entertainment", "threshold": -2.0, "samples": 45, "class_prob": [0.8888888888888888, 0.1111111111111111], "entropy": 0.5032583344871068}}}, "right": {"feature": "Staff Service", "threshold": 0.5, "samples": 534, "class_prob": [0.9737827715355806, 0.026217228464419477], "entropy": 0.17505130277803582, "left": {"feature": "topic_6", "threshold": 0.5, "samples": 187, "class_prob": [0.9572192513368984, 0.0427807486631016], "entropy": 0.25489967815363285, "left": {"feature": "Inflight Entertainment", "threshold": -2.0, "samples": 68, "class_prob": [1.0, 0.0], "entropy": -1.4426951601859516e-10}, "right": {"feature": "Inflight Entertainment", "threshold": -2.0, "samples": 119, "class_prob": [0.9327731092436975, 0.06722689075630252], "entropy": 0.3554886776003981}}, "right": {"feature": "Inflight Entertainment", "threshold": 0.5, "samples": 347, "class_prob": [0.9827089337175793, 0.01729106628242075], "entropy": 0.12594776352439116, "left": {"feature": "Inflight Entertainment", "threshold": -2.0, "samples": 160, "class_prob": [0.96875, 0.03125], "entropy": 0.20062232402417562}, "right": {"feature": "Inflight Entertainment", "threshold": -2.0, "samples": 187, "class_prob": [0.9946524064171123, 0.0053475935828877], "entropy": 0.04805200576971887}}}}, "right": {"feature": "Food & Beverages", "threshold": 0.5, "samples": 964, "class_prob": [0.9844398340248963, 0.015560165975103735], "entropy": 0.1157273464941605, "left": {"feature": "topic_4", "threshold": 0.5, "samples": 455, "class_prob": [0.978021978021978, 0.02197802197802198], "entropy": 0.15240699863532872, "left": {"feature": "topic_2", "threshold": 0.5, "samples": 292, "class_prob": [0.9863013698630136, 0.0136986301369863], "entropy": 0.10441907771686883, "left": {"feature": "Inflight Entertainment", "threshold": -2.0, "samples": 173, "class_prob": [0.9942196531791907, 0.005780346820809248], "entropy": 0.0512898585114178}, "right": {"feature": "Inflight Entertainment", "threshold": -2.0, "samples": 119, "class_prob": [0.9747899159663865, 0.025210084033613446], "entropy": 0.169770007246616}}, "right": {"feature": "Staff Service", "threshold": 0.5, "samples": 163, "class_prob": [0.9631901840490797, 0.03680981595092025], "entropy": 0.2274690583578, "left": {"feature": "Inflight Entertainment", "threshold": -2.0, "samples": 46, "class_prob": [1.0, 0.0], "entropy": -1.4426951601859516e-10}, "right": {"feature": "Inflight Entertainment", "threshold": -2.0, "samples": 117, "class_prob": [0.9487179487179487, 0.05128205128205128], "entropy": 0.29181825631034675}}}, "right": {"feature": "Inflight Entertainment", "threshold": 0.5, "samples": 509, "class_prob": [0.9901768172888016, 0.009823182711198428], "entropy": 0.07961865930700948, "left": {"feature": "Inflight Entertainment", "threshold": -2.0, "samples": 219, "class_prob": [1.0, 0.0], "entropy": -1.4426951601859516e-10}, "right": {"feature": "topic_6", "threshold": 0.5, "samples": 290, "class_prob": [0.9827586206896551, 0.017241379310344827], "entropy": 0.1256580498840284, "left": {"feature": "Inflight Entertainment", "threshold": -2.0, "samples": 78, "class_prob": [1.0, 0.0], "entropy": -1.4426951601859516e-10}, "right": {"feature": "Inflight Entertainment", "threshold": -2.0, "samples": 212, "class_prob": [0.9764150943396226, 0.02358490566037736], "entropy": 0.16112120579920203}}}}}