{"feature": "Staff Service", "threshold": 0.5, "samples": 1634, "class_prob": [0.5079559363525091, 0.4920440636474908], "entropy": 0.9998173556892638, "left": {"feature": "topic_7", "threshold": 0.5, "samples": 670, "class_prob": [0.7059701492537314, 0.29402985074626864], "entropy": 0.8738701312917598, "left": {"feature": "topic_8", "threshold": 0.5, "samples": 355, "class_prob": [0.7859154929577464, 0.2140845070422535], "entropy": 0.7492179267174326, "left": {"feature": "Rating Value", "threshold": 0.5, "samples": 161, "class_prob": [0.8695652173913043, 0.13043478260869565], "entropy": 0.5586293731636601, "left": {"feature": "Inflight Entertainment", "threshold": -2.0, "samples": 58, "class_prob": [0.9482758620689655, 0.05172413793103448], "entropy": 0.29367630956283053}, "right": {"feature": "Inflight Entertainment", "threshold": -2.0, "samples": 103, "class_prob": [0.8252427184466019, 0.17475728155339806], "entropy": 0.6684725696357835}}, "right": {"feature": "Seat Comfort", "threshold": 0.5, "samples": 194, "class_prob": [0.7164948453608248, 0.28350515463917525], "entropy": 0.8601829792572289, "left": {"feature": "Inflight Entertainment", "threshold": -2.0, "samples": 29, "class_prob": [0.4827586206896552, 0.5172413793103449], "entropy": 0.9991421037033696}, "right": {"feature": "Inflight Entertainment", "threshold": -2.0, "samples": 165, "class_prob": [0.7575757575757576, 0.24242424242424243], "entropy": 0.799048520755729}}}, "right": {"feature": "topic_5", "threshold": 0.5, "samples": 315, "class_prob": [0.6158730158730159, 0.38412698412698415], "entropy": 0.9609047066875375, "left": {"feature": "Value For Money", "threshold": 0.5, "samples": 173, "class_prob": [0.5317919075144508, 0.4682080924855491], "entropy": 0.9970816944528111, "left": {"feature": "Inflight Entertainment", "threshold": -2.0, "samples": 86, "class_prob": [0.627906976744186, 0.37209302325581395], "entropy": 0.9522656251481252}, "right": {"feature": "Inflight Entertainment", "threshold": -2.0, "samples": 87, "class_prob": [0.4367816091954023, 0.5632183908045977], "entropy": 0.9884374280601727}}, "right": {"feature": "Inflight Entertainment", "threshold": 0.5, "samples": 142, "class_prob": [0.7183098591549296, 0.28169014084507044], "entropy": 0.8577435369866567, "left": {"feature": "Inflight Entertainment", "threshold": -2.0, "samples": 60, "class_prob": [0.8166666666666667, 0.18333333333333332], "entropy": 0.6873150925423882}, "right": {"feature": "Inflight Entertainment", "threshold": -2.0, "samples": 82, "class_prob": [0.6463414634146342, 0.35365853658536583], "entropy": 0.9372930659082135}}}}, "right": {"feature": "Rating Value", "threshold": 0.5, "samples": 964, "class_prob": [0.3703319502074689, 0.6296680497925311], "entropy": 0.9509266316306471, "left": {"feature": "Seat Comfort", "threshold": 0.5, "samples": 221, "class_prob": [0.6199095022624435, 0.38009049773755654], "entropy": 0.958105912591544, "left": {"feature": "Food & Beverages", "threshold": 0.5, "samples": 58, "class_prob": [0.41379310344827586, 0.5862068965517241], "entropy": 0.9784493289800797, "left": {"feature": "Inflight Entertainment", "threshold": -2.0, "samples": 23, "class_prob": [0.5652173913043478, 0.43478260869565216], "entropy": 0.9876925086072642}, "right": {"feature": "Inflight Entertainment", "threshold": -2.0, "samples": 35, "class_prob": [0.3142857142857143, 0.6857142857142857], "entropy": 0.8980587931616268}}, "right": {"feature": "topic_6", "threshold": 0.5, "samples": 163, "class_prob": [0.6932515337423313, 0.3067484662576687], "entropy": 0.8893843978587812, "left": {"feature": "Inflight Entertainment", "threshold": -2.0, "samples": 81, "class_prob": [0.7901234567901234, 0.20987654320987653], "entropy": 0.7412466902349033}, "right": {"feature": "Inflight Entertainment", "threshold": -2.0, "samples": 82, "class_prob": [0.5975609756097561, 0.4024390243902439], "entropy": 0.9723594640798597}}}, "right": {"feature": "MONEY", "threshold": 0.5, "samples": 743, "class_prob": [0.2960969044414536, 0.7039030955585465], "entropy": 0.8764673245669139, "left": {"feature": "topic_1", "threshold": 0.5, "samples": 342, "class_prob": [0.2046783625730994, 0.7953216374269005], "entropy": 0.7311867134095227, "left": {"feature": "Inflight Entertainment", "threshold": -2.0, "samples": 177, "class_prob": [0.15254237288135594, 0.847457627118644], "entropy": 0.6161661931119964}, "right": {"feature": "Inflight Entertainment", "threshold": -2.0, "samples": 165, "class_prob": [0.2606060606060606, 0.7393939393939394], "entropy": 0.8276595495035656}}, "right": {"feature": "Seat Comfort", "threshold": 0.5, "samples": 401, "class_prob": [0.3740648379052369, 0.6259351620947631], "entropy": 0.9537421278720524, "left": {"feature": "Inflight Entertainment", "threshold": -2.0, "samples": 106, "class_prob": [0.24528301886792453, 0.7547169811320755], "entropy": 0.8037159234948734}, "right": {"feature": "Inflight Entertainment", "threshold": -2.0, "samples": 295, "class_prob": [0.42033898305084744, 0.5796610169491525], "entropy": 0.9816114065591017}}}}}