{"feature": "Staff Service", "threshold": 0.5, "samples": 1634, "class_prob": [0.5140758873929009, 0.48592411260709917], "entropy": 0.9994282400902831, "left": {"feature": "topic_9", "threshold": 0.5, "samples": 670, "class_prob": [0.3253731343283582, 0.6746268656716418], "entropy": 0.9101291151863946, "left": {"feature": "Seat Comfort", "threshold": 0.5, "samples": 283, "class_prob": [0.2332155477031802, 0.7667844522968198], "entropy": 0.7835747467196332, "left": {"feature": "topic_7", "threshold": 0.5, "samples": 59, "class_prob": [0.4067796610169492, 0.5932203389830508], "entropy": 0.9747785472024282, "left": {"feature": "Inflight Entertainment", "threshold": -2.0, "samples": 24, "class_prob": [0.25, 0.75], "entropy": 0.8112781241705938}, "right": {"feature": "Inflight Entertainment", "threshold": -2.0, "samples": 35, "class_prob": [0.5142857142857142, 0.4857142857142857], "entropy": 0.9994110644502162}}, "right": {"feature": "topic_7", "threshold": 0.5, "samples": 224, "class_prob": [0.1875, 0.8125], "entropy": 0.6962122598366068, "left": {"feature": "Inflight Entertainment", "threshold": -2.0, "samples": 137, "class_prob": [0.145985401459854, 0.8540145985401459], "entropy": 0.5997019068398302}, "right": {"feature": "Inflight Entertainment", "threshold": -2.0, "samples": 87, "class_prob": [0.25287356321839083, 0.7471264367816092], "entropy": 0.8158009270904183}}}, "right": {"feature": "Inflight Entertainment", "threshold": 0.5, "samples": 387, "class_prob": [0.39276485788113696, 0.6072351421188631], "entropy": 0.9665606486563882, "left": {"feature": "topic_3", "threshold": 0.5, "samples": 154, "class_prob": [0.2922077922077922, 0.7077922077922078], "entropy": 0.8715561460198666, "left": {"feature": "Inflight Entertainment", "threshold": -2.0, "samples": 59, "class_prob": [0.3898305084745763, 0.6101694915254238], "entropy": 0.9646900822727168}, "right": {"feature": "Inflight Entertainment", "threshold": -2.0, "samples": 95, "class_prob": [0.23157894736842105, 0.7684210526315789], "entropy": 0.7807536247975477}}, "right": {"feature": "Seat Comfort", "threshold": 0.5, "samples": 233, "class_prob": [0.4592274678111588, 0.5407725321888412], "entropy": 0.9951979988468047, "left": {"feature": "Inflight Entertainment", "threshold": -2.0, "samples": 43, "class_prob": [0.6744186046511628, 0.32558139534883723], "entropy": 0.9103480621459764}, "right": {"feature": "Inflight Entertainment", "threshold": -2.0, "samples": 190, "class_prob": [0.4105263157894737, 0.5894736842105263], "entropy": 0.9767760062439509}}}}, "right": {"feature": "Rating Value", "threshold": 0.5, "samples": 964, "class_prob": [0.6452282157676349, 0.35477178423236516], "entropy": 0.9382576148706634, "left": {"feature": "Seat Comfort", "threshold": 0.5, "samples": 221, "class_prob": [0.3891402714932127, 0.6108597285067874], "entropy": 0.9642424934637858, "left": {"feature": "Food & Beverages", "threshold": 0.5, "samples": 58, "class_prob": [0.603448275862069, 0.39655172413793105], "entropy": 0.9688977089358414, "left": {"feature": "Inflight Entertainment", "threshold": -2.0, "samples": 23, "class_prob": [0.4782608695652174, 0.5217391304347826], "entropy": 0.9986359638700328}, "right": {"feature": "Inflight Entertainment", "threshold": -2.0, "samples": 35, "class_prob": [0.6857142857142857, 0.3142857142857143], "entropy": 0.8980587931616268}}, "right": {"feature": "topic_6", "threshold": 0.5, "samples": 163, "class_prob": [0.3128834355828221, 0.6871165644171779], "entropy": 0.8964738980468456, "left": {"feature": "Inflight Entertainment", "threshold": -2.0, "samples": 81, "class_prob": [0.20987654320987653, 0.7901234567901234], "entropy": 0.7412466902349033}, "right": {"feature": "Inflight Entertainment", "threshold": -2.0, "samples": 82, "class_prob": [0.4146341463414634, 0.5853658536585366], "entropy": 0.9788698502182394}}}, "right": {"feature": "MONEY", "threshold": 0.5, "samples": 743, "class_prob": [0.721399730820996, 0.27860026917900405], "entropy": 0.8535365613702102, "left": {"feature": "Value For Money", "threshold": 0.5, "samples": 342, "class_prob": [0.8099415204678363, 0.19005847953216373], "entropy": 0.7015937782158539, "left": {"feature": "Inflight Entertainment", "threshold": -2.0, "samples": 177, "class_prob": [0.864406779661017, 0.13559322033898305], "entropy": 0.5725804653352298}, "right": {"feature": "Inflight Entertainment", "threshold": -2.0, "samples": 165, "class_prob": [0.7515151515151515, 0.24848484848484848], "entropy": 0.8088678219735558}}, "right": {"feature": "topic_3", "threshold": 0.5, "samples": 401, "class_prob": [0.6458852867830424, 0.3541147132169576], "entropy": 0.9376892553921112, "left": {"feature": "Inflight Entertainment", "threshold": -2.0, "samples": 188, "class_prob": [0.7287234042553191, 0.2712765957446808], "entropy": 0.843290511994745}, "right": {"feature": "Inflight Entertainment", "threshold": -2.0, "samples": 213, "class_prob": [0.5727699530516432, 0.4272300469483568], "entropy": 0.9846661108257804}}}}}